level,wave,enemy,group 1,,group 2,,group 3,,group 4,,Air,
,,,Probability,Time,Probability,Time,Probability,Time,Probability,Time,Probability,Time
1,1,Hoothi,100,2,0,0,0,0,0,0,0,0
,,Soldier,0,0,0,0,0,0,0,0,0,0
,,Abulfadl,0,0,0,0,0,0,0,0,0,0
,,Jeep,0,0,0,0,0,0,0,0,0,0
,,Revolutionary,0,0,0,0,0,0,0,0,0,0
,,Katyusha,0,0,0,0,0,0,0,0,0,0
,,Hizb,0,0,0,0,0,0,0,0,0,0
,,Smalltank,0,0,0,0,0,0,0,0,0,0
,,Scud,0,0,0,0,0,0,0,0,0,0
,,Bigtank,0,0,0,0,0,0,0,0,0,0
,,Number,24,0,0,0,0,0,0,0,0,0
,2,Hoothi,100,1.6,0,0,0,0,0,0,0,0
,,Soldier,0,0,0,0,0,0,0,0,0,0
,,Abulfadl,0,0,0,0,0,0,0,0,0,0
,,Jeep,0,0,0,0,0,0,0,0,0,0
,,Revolutionary,0,0,0,0,0,0,0,0,0,0
,,Katyusha,0,0,0,0,0,0,0,0,0,0
,,Hizb,0,0,0,0,0,0,0,0,0,0
,,Smalltank,0,0,0,0,0,0,0,0,0,0
,,Scud,0,0,0,0,0,0,0,0,0,0
,,Bigtank,0,0,0,0,0,0,0,0,0,0
,,Number,26,0,0,0,0,0,0,0,0,0
,3,Hoothi,100,1.2,0,0,0,0,0,0,0,0
,,Soldier,0,0,0,0,0,0,0,0,0,0
,,Abulfadl,0,0,0,0,0,0,0,0,0,0
,,Jeep,0,0,0,0,0,0,0,0,0,0
,,Revolutionary,0,0,0,0,0,0,0,0,0,0
,,Katyusha,0,0,0,0,0,0,0,0,0,0
,,Hizb,0,0,0,0,0,0,0,0,0,0
,,Smalltank,0,0,0,0,0,0,0,0,0,0
,,Scud,0,0,0,0,0,0,0,0,0,0
,,Bigtank,0,0,0,0,0,0,0,0,0,0
,,Number,28,0,0,0,0,0,0,0,0,0
,4,Hoothi,100,0.8,0,0,0,0,0,0,0,0
,,Soldier,0,0,0,0,0,0,0,0,0,0
,,Abulfadl,0,0,0,0,0,0,0,0,0,0
,,Jeep,0,0,0,0,0,0,0,0,0,0
,,Revolutionary,0,0,0,0,0,0,0,0,0,0
,,Katyusha,0,0,0,0,0,0,0,0,0,0
,,Hizb,0,0,0,0,0,0,0,0,0,0
,,Smalltank,0,0,0,0,0,0,0,0,0,0
,,Scud,0,0,0,0,0,0,0,0,0,0
,,Bigtank,0,0,0,0,0,0,0,0,0,0
,,Number,30,0,0,0,0,0,0,0,0,0
,5,Hoothi,100,0.6,0,0,0,0,0,0,0,0
,,Soldier,0,0,0,0,0,0,0,0,0,0
,,Abulfadl,0,0,0,0,0,0,0,0,0,0
,,Jeep,0,0,0,0,0,0,0,0,0,0
,,Revolutionary,0,0,0,0,0,0,0,0,0,0
,,Katyusha,0,0,0,0,0,0,0,0,0,0
,,Hizb,0,0,0,0,0,0,0,0,0,0
,,Smalltank,0,0,0,0,0,0,0,0,0,0
,,Scud,0,0,0,0,0,0,0,0,0,0
,,Bigtank,0,0,0,0,0,0,0,0,0,0
,,Number,34,0,0,0,0,0,0,0,0,0
,6,Hoothi,100,0.5,0,0,0,0,0,0,0,0
,,Soldier,0,0,0,0,0,0,0,0,0,0
,,Abulfadl,0,0,0,0,0,0,0,0,0,0
,,Jeep,0,0,0,0,0,0,0,0,0,0
,,Revolutionary,0,0,0,0,0,0,0,0,0,0
,,Katyusha,0,0,0,0,0,0,0,0,0,0
,,Hizb,0,0,0,0,0,0,0,0,0,0
,,Smalltank,0,0,0,0,0,0,0,0,0,0
,,Scud,0,0,0,0,0,0,0,0,0,0
,,Bigtank,0,0,0,0,0,0,0,0,0,0
,,Number,36,0,0,0,0,0,0,0,0,0
,7,Hoothi,100,0.4,0,0,0,0,0,0,0,0
,,Soldier,0,0,0,0,0,0,0,0,0,0
,,Abulfadl,0,0,0,0,0,0,0,0,0,0
,,Jeep,0,0,0,0,0,0,0,0,0,0
,,Revolutionary,0,0,0,0,0,0,0,0,0,0
,,Katyusha,0,0,0,0,0,0,0,0,0,0
,,Hizb,0,0,0,0,0,0,0,0,0,0
,,Smalltank,0,0,0,0,0,0,0,0,0,0
,,Scud,0,0,0,0,0,0,0,0,0,0
,,Bigtank,0,0,0,0,0,0,0,0,0,0
,,Number,38,0,0,0,0,0,0,0,0,0
,8,Hoothi,100,0.35,0,0,0,0,0,0,0,0
,,Soldier,0,0,0,0,0,0,0,0,0,0
,,Abulfadl,0,0,0,0,0,0,0,0,0,0
,,Jeep,0,0,0,0,0,0,0,0,0,0
,,Revolutionary,0,0,0,0,0,0,0,0,0,0
,,Katyusha,0,0,0,0,0,0,0,0,0,0
,,Hizb,0,0,0,0,0,0,0,0,0,0
,,Smalltank,0,0,0,0,0,0,0,0,0,0
,,Scud,0,0,0,0,0,0,0,0,0,0
,,Bigtank,0,0,0,0,0,0,0,0,0,0
,,Number,48,0,0,0,0,0,0,0,0,0
,9,Hoothi,100,0.3,0,0,0,0,0,0,0,0
,,Soldier,0,0,0,0,0,0,0,0,0,0
,,Abulfadl,0,0,0,0,0,0,0,0,0,0
,,Jeep,0,0,0,0,0,0,0,0,0,0
,,Revolutionary,0,0,0,0,0,0,0,0,0,0
,,Katyusha,0,0,0,0,0,0,0,0,0,0
,,Hizb,0,0,0,0,0,0,0,0,0,0
,,Smalltank,0,0,0,0,0,0,0,0,0,0
,,Scud,0,0,0,0,0,0,0,0,0,0
,,Bigtank,0,0,0,0,0,0,0,0,0,0
,,Number,54,0,0,0,0,0,0,0,0,0
,10,Hoothi,100,0.28,0,0,0,0,0,0,0,0
,,Soldier,0,0,0,0,0,0,0,0,0,0
,,Abulfadl,0,0,0,0,0,0,0,0,0,0
,,Jeep,0,0,0,0,0,0,0,0,0,0
,,Revolutionary,0,0,0,0,0,0,0,0,0,0
,,Katyusha,0,0,0,0,0,0,0,0,0,0
,,Hizb,0,0,0,0,0,0,0,0,0,0
,,Smalltank,0,0,0,0,0,0,0,0,0,0
,,Scud,0,0,0,0,0,0,0,0,0,0
,,Bigtank,0,0,0,0,0,0,0,0,0,0
,,Number,60,0,0,0,0,0,0,0,0,0
2,1,Hoothi,60,2,0,0,0,0,0,0,0,0
,,Soldier,100,2,0,0,0,0,0,0,0,0
,,Abulfadl,0,0,0,0,0,0,0,0,0,0
,,Jeep,0,0,0,0,0,0,0,0,0,0
,,Revolutionary,0,0,0,0,0,0,0,0,0,0
,,Katyusha,0,0,0,0,0,0,0,0,0,0
,,Hizb,0,0,0,0,0,0,0,0,0,0
,,Smalltank,0,0,0,0,0,0,0,0,0,0
,,Scud,0,0,0,0,0,0,0,0,0,0
,,Bigtank,0,0,0,0,0,0,0,0,0,0
,,Number,30,0,0,0,0,0,0,0,0,0
,2,Hoothi,50,1.6,0,0,0,0,0,0,0,0
,,Soldier,100,1.6,0,0,0,0,0,0,0,0
,,Abulfadl,0,0,0,0,0,0,0,0,0,0
,,Jeep,0,0,0,0,0,0,0,0,0,0
,,Revolutionary,0,0,0,0,0,0,0,0,0,0
,,Katyusha,0,0,0,0,0,0,0,0,0,0
,,Hizb,0,0,0,0,0,0,0,0,0,0
,,Smalltank,0,0,0,0,0,0,0,0,0,0
,,Scud,0,0,0,0,0,0,0,0,0,0
,,Bigtank,0,0,0,0,0,0,0,0,0,0
,,Number,40,0,0,0,0,0,0,0,0,0
,3,Hoothi,40,1.2,40,1.2,0,0,0,0,0,0
,,Soldier,100,1.2,100,1.2,0,0,0,0,0,0
,,Abulfadl,0,0,0,0,0,0,0,0,0,0
,,Jeep,0,0,0,0,0,0,0,0,0,0
,,Revolutionary,0,0,0,0,0,0,0,0,0,0
,,Katyusha,0,0,0,0,0,0,0,0,0,0
,,Hizb,0,0,0,0,0,0,0,0,0,0
,,Smalltank,0,0,0,0,0,0,0,0,0,0
,,Scud,0,0,0,0,0,0,0,0,0,0
,,Bigtank,0,0,0,0,0,0,0,0,0,0
,,Number,25,0,25,0,0,0,0,0,0,0
,4,Hoothi,40,0.8,40,0.8,0,0,0,0,0,0
,,Soldier,100,0.8,100,0.8,0,0,0,0,0,0
,,Abulfadl,0,0,0,0,0,0,0,0,0,0
,,Jeep,0,0,0,0,0,0,0,0,0,0
,,Revolutionary,0,0,0,0,0,0,0,0,0,0
,,Katyusha,0,0,0,0,0,0,0,0,0,0
,,Hizb,0,0,0,0,0,0,0,0,0,0
,,Smalltank,0,0,0,0,0,0,0,0,0,0
,,Scud,0,0,0,0,0,0,0,0,0,0
,,Bigtank,0,0,0,0,0,0,0,0,0,0
,,Number,30,0,30,0,0,0,0,0,0,0
,5,Hoothi,40,0.6,40,0.6,0,0,0,0,0,0
,,Soldier,100,0.6,100,0.6,0,0,0,0,0,0
,,Abulfadl,0,0,0,0,0,0,0,0,0,0
,,Jeep,0,0,0,0,0,0,0,0,0,0
,,Revolutionary,0,0,0,0,0,0,0,0,0,0
,,Katyusha,0,0,0,0,0,0,0,0,0,0
,,Hizb,0,0,0,0,0,0,0,0,0,0
,,Smalltank,0,0,0,0,0,0,0,0,0,0
,,Scud,0,0,0,0,0,0,0,0,0,0
,,Bigtank,0,0,0,0,0,0,0,0,0,0
,,Number,30,0,30,0,0,0,0,0,0,0
,6,Hoothi,30,0.5,30,0.5,0,0,0,0,0,0
,,Soldier,100,0.5,100,0.5,0,0,0,0,0,0
,,Abulfadl,0,0,0,0,0,0,0,0,0,0
,,Jeep,0,0,0,0,0,0,0,0,0,0
,,Revolutionary,0,0,0,0,0,0,0,0,0,0
,,Katyusha,0,0,0,0,0,0,0,0,0,0
,,Hizb,0,0,0,0,0,0,0,0,0,0
,,Smalltank,0,0,0,0,0,0,0,0,0,0
,,Scud,0,0,0,0,0,0,0,0,0,0
,,Bigtank,0,0,0,0,0,0,0,0,0,0
,,Number,25,0,25,0,0,0,0,0,0,0
,7,Hoothi,30,0.4,30,0.4,0,0,0,0,0,0
,,Soldier,100,0.4,100,0.4,0,0,0,0,0,0
,,Abulfadl,0,0,0,0,0,0,0,0,0,0
,,Jeep,0,0,0,0,0,0,0,0,0,0
,,Revolutionary,0,0,0,0,0,0,0,0,0,0
,,Katyusha,0,0,0,0,0,0,0,0,0,0
,,Hizb,0,0,0,0,0,0,0,0,0,0
,,Smalltank,0,0,0,0,0,0,0,0,0,0
,,Scud,0,0,0,0,0,0,0,0,0,0
,,Bigtank,0,0,0,0,0,0,0,0,0,0
,,Number,25,0,25,0,0,0,0,0,0,0
,8,Hoothi,40,0.3,40,0.3,0,0,0,0,0,0
,,Soldier,100,0.35,100,0.35,0,0,0,0,0,0
,,Abulfadl,0,0,0,0,0,0,0,0,0,0
,,Jeep,0,0,0,0,0,0,0,0,0,0
,,Revolutionary,0,0,0,0,0,0,0,0,0,0
,,Katyusha,0,0,0,0,0,0,0,0,0,0
,,Hizb,0,0,0,0,0,0,0,0,0,0
,,Smalltank,0,0,0,0,0,0,0,0,0,0
,,Scud,0,0,0,0,0,0,0,0,0,0
,,Bigtank,0,0,0,0,0,0,0,0,0,0
,,Number,28,0,28,0,0,0,0,0,0,0
,9,Hoothi,40,0.28,40,0.28,0,0,0,0,0,0
,,Soldier,100,0.28,100,0.28,0,0,0,0,0,0
,,Abulfadl,0,0,0,0,0,0,0,0,0,0
,,Jeep,0,0,0,0,0,0,0,0,0,0
,,Revolutionary,0,0,0,0,0,0,0,0,0,0
,,Katyusha,0,0,0,0,0,0,0,0,0,0
,,Hizb,0,0,0,0,0,0,0,0,0,0
,,Smalltank,0,0,0,0,0,0,0,0,0,0
,,Scud,0,0,0,0,0,0,0,0,0,0
,,Bigtank,0,0,0,0,0,0,0,0,0,0
,,Number,30,0,30,0,0,0,0,0,0,0
,10,Hoothi,30,0.25,30,0.25,0,0,0,0,0,0
,,Soldier,100,0.25,100,0.25,0,0,0,0,0,0
,,Abulfadl,0,0,0,0,0,0,0,0,0,0
,,Jeep,0,0,0,0,0,0,0,0,0,0
,,Revolutionary,0,0,0,0,0,0,0,0,0,0
,,Katyusha,0,0,0,0,0,0,0,0,0,0
,,Hizb,0,0,0,0,0,0,0,0,0,0
,,Smalltank,0,0,0,0,0,0,0,0,0,0
,,Scud,0,0,0,0,0,0,0,0,0,0
,,Bigtank,0,0,0,0,0,0,0,0,0,0
,,Number,30,0,30,0,0,0,0,0,0,0
3,1,Hoothi,40,2,0,0,0,0,0,0,0,0
,,Soldier,80,2,0,0,0,0,0,0,0,0
,,Abulfadl,100,2,0,0,0,0,0,0,0,0
,,Jeep,0,0,0,0,0,0,0,0,0,0
,,Revolutionary,0,0,0,0,0,0,0,0,0,0
,,Katyusha,0,0,0,0,0,0,0,0,0,0
,,Hizb,0,0,0,0,0,0,0,0,0,0
,,Smalltank,0,0,0,0,0,0,0,0,0,0
,,Scud,0,0,0,0,0,0,0,0,0,0
,,Bigtank,0,0,0,0,0,0,0,0,0,0
,,Number,25,0,0,0,0,0,0,0,0,0
,2,Hoothi,30,1.6,0,0,0,0,0,0,0,0
,,Soldier,70,1.6,0,0,0,0,0,0,0,0
,,Abulfadl,100,1.6,0,0,0,0,0,0,0,0
,,Jeep,0,0,0,0,0,0,0,0,0,0
,,Revolutionary,0,0,0,0,0,0,0,0,0,0
,,Katyusha,0,0,0,0,0,0,0,0,0,0
,,Hizb,0,0,0,0,0,0,0,0,0,0
,,Smalltank,0,0,0,0,0,0,0,0,0,0
,,Scud,0,0,0,0,0,0,0,0,0,0
,,Bigtank,0,0,0,0,0,0,0,0,0,0
,,Number,32,0,0,0,0,0,0,0,0,0
,3,Hoothi,20,1.2,20,1.2,0,0,0,0,0,0
,,Soldier,60,1.2,60,1.2,0,0,0,0,0,0
,,Abulfadl,100,1.2,100,1.2,0,0,0,0,0,0
,,Jeep,0,0,0,0,0,0,0,0,0,0
,,Revolutionary,0,0,0,0,0,0,0,0,0,0
,,Katyusha,0,0,0,0,0,0,0,0,0,0
,,Hizb,0,0,0,0,0,0,0,0,0,0
,,Smalltank,0,0,0,0,0,0,0,0,0,0
,,Scud,0,0,0,0,0,0,0,0,0,0
,,Bigtank,0,0,0,0,0,0,0,0,0,0
,,Number,26,0,26,0,0,0,0,0,0,0
,4,Hoothi,20,0.8,20,0.8,0,0,0,0,0,0
,,Soldier,60,0.8,60,0.8,0,0,0,0,0,0
,,Abulfadl,100,0.8,100,0.8,0,0,0,0,0,0
,,Jeep,0,0,0,0,0,0,0,0,0,0
,,Revolutionary,0,0,0,0,0,0,0,0,0,0
,,Katyusha,0,0,0,0,0,0,0,0,0,0
,,Hizb,0,0,0,0,0,0,0,0,0,0
,,Smalltank,0,0,0,0,0,0,0,0,0,0
,,Scud,0,0,0,0,0,0,0,0,0,0
,,Bigtank,0,0,0,0,0,0,0,0,0,0
,,Number,33,0,33,0,0,0,0,0,0,0
,5,Hoothi,20,0.6,20,0.6,0,0,0,0,0,0
,,Soldier,50,0.6,60,0.6,0,0,0,0,0,0
,,Abulfadl,100,0.6,100,0.6,0,0,0,0,0,0
,,Jeep,0,0,0,0,0,0,0,0,0,0
,,Revolutionary,0,0,0,0,0,0,0,0,0,0
,,Katyusha,0,0,0,0,0,0,0,0,0,0
,,Hizb,0,0,0,0,0,0,0,0,0,0
,,Smalltank,0,0,0,0,0,0,0,0,0,0
,,Scud,0,0,0,0,0,0,0,0,0,0
,,Bigtank,0,0,0,0,0,0,0,0,0,0
,,Number,30,0,30,0,0,0,0,0,0,0
,6,Hoothi,20,0.5,20,0.5,0,0,0,0,0,0
,,Soldier,40,0.5,40,0.5,0,0,0,0,0,0
,,Abulfadl,100,0.5,100,0.5,0,0,0,0,0,0
,,Jeep,0,0,0,0,0,0,0,0,0,0
,,Revolutionary,0,0,0,0,0,0,0,0,0,0
,,Katyusha,0,0,0,0,0,0,0,0,0,0
,,Hizb,0,0,0,0,0,0,0,0,0,0
,,Smalltank,0,0,0,0,0,0,0,0,0,0
,,Scud,0,0,0,0,0,0,0,0,0,0
,,Bigtank,0,0,0,0,0,0,0,0,0,0
,,Number,30,0,30,0,0,0,0,0,0,0
,7,Hoothi,10,0.4,10,0.4,0,0,0,0,0,0
,,Soldier,35,0.4,35,0.4,0,0,0,0,0,0
,,Abulfadl,100,0.4,100,0.4,0,0,0,0,0,0
,,Jeep,0,0,0,0,0,0,0,0,0,0
,,Revolutionary,0,0,0,0,0,0,0,0,0,0
,,Katyusha,0,0,0,0,0,0,0,0,0,0
,,Hizb,0,0,0,0,0,0,0,0,0,0
,,Smalltank,0,0,0,0,0,0,0,0,0,0
,,Scud,0,0,0,0,0,0,0,0,0,0
,,Bigtank,0,0,0,0,0,0,0,0,0,0
,,Number,30,0,30,0,0,0,0,0,0,0
,8,Hoothi,5,0.3,5,0.3,0,0,0,0,0,0
,,Soldier,25,0.3,25,0.3,0,0,0,0,0,0
,,Abulfadl,100,0.3,100,0.3,0,0,0,0,0,0
,,Jeep,0,0,0,3,0,0,0,0,0,0
,,Revolutionary,0,0,0,0,0,0,0,0,0,0
,,Katyusha,0,0,0,0,0,0,0,0,0,0
,,Hizb,0,0,0,0,0,0,0,0,0,0
,,Smalltank,0,0,0,0,0,0,0,0,0,0
,,Scud,0,0,0,0,0,0,0,0,0,0
,,Bigtank,0,0,0,0,0,0,0,0,0,0
,,Number,30,0,30,0,0,0,0,0,0,0
,9,Hoothi,0,0.25,0,0.25,0,0,0,0,0,0
,,Soldier,20,0.25,20,0.25,0,0,0,0,0,0
,,Abulfadl,100,0.25,100,0.25,0,0,0,0,0,0
,,Jeep,0,0,0,0,0,0,0,0,0,0
,,Revolutionary,0,0,0,0,0,0,0,0,0,0
,,Katyusha,0,0,0,0,0,0,0,0,0,0
,,Hizb,0,0,0,0,0,0,0,0,0,0
,,Smalltank,0,0,0,0,0,0,0,0,0,0
,,Scud,0,0,0,0,0,0,0,0,0,0
,,Bigtank,0,0,0,0,0,0,0,0,0,0
,,Number,30,0,30,0,0,0,0,0,0,0
,10,Hoothi,0,0,0,0,0,0,0,0,0,0
,,Soldier,10,0.2,10,0.2,0,0,0,0,0,0
,,Abulfadl,100,0.2,100,0.2,0,0,0,0,0,0
,,Jeep,0,0,0,0,0,0,0,0,0,0
,,Revolutionary,0,0,0,0,0,0,0,0,0,0
,,Katyusha,0,0,0,0,0,0,0,0,0,0
,,Hizb,0,0,0,0,0,0,0,0,0,0
,,Smalltank,0,0,0,0,0,0,0,0,0,0
,,Scud,0,0,0,0,0,0,0,0,0,0
,,Bigtank,0,0,0,0,0,0,0,0,0,0
,,Number,40,0,40,0,0,0,0,0,0,0
4,1,Hoothi,60,2,0,0,0,0,0,0,0,0
,,Soldier,100,2,0,0,0,0,0,0,0,0
,,Abulfadl,0,0,0,0,0,0,0,0,0,0
,,Jeep,0,0,0,0,0,0,0,0,0,0
,,Revolutionary,0,0,0,0,0,0,0,0,0,0
,,Katyusha,0,0,0,0,0,0,0,0,0,0
,,Hizb,0,0,0,0,0,0,0,0,0,0
,,Smalltank,0,0,0,0,0,0,0,0,0,0
,,Scud,0,0,0,0,0,0,0,0,0,0
,,Bigtank,0,0,0,0,0,0,0,0,0,0
,,Number,30,0,0,0,0,0,0,0,0,0
,2,Hoothi,40,1.8,40,1.8,0,0,0,0,0,0
,,Soldier,60,1.8,60,1.8,0,0,0,0,0,0
,,Abulfadl,100,1.8,100,1.8,0,0,0,0,0,0
,,Jeep,0,0,0,0,0,0,0,0,0,0
,,Revolutionary,0,0,0,0,0,0,0,0,0,0
,,Katyusha,0,0,0,0,0,0,0,0,0,0
,,Hizb,0,0,0,0,0,0,0,0,0,0
,,Smalltank,0,0,0,0,0,0,0,0,0,0
,,Scud,0,0,0,0,0,0,0,0,0,0
,,Bigtank,0,0,0,0,0,0,0,0,0,0
,,Number,30,0,30,0,0,0,0,0,0,0
,3,Hoothi,40,1.6,40,1.6,0,0,0,0,0,0
,,Soldier,60,1.6,60,1.6,0,0,0,0,0,0
,,Abulfadl,80,1.6,80,1.6,0,0,0,0,0,0
,,Jeep,100,1.8,100,1.8,0,0,0,0,0,0
,,Revolutionary,0,0,0,0,0,0,0,0,0,0
,,Katyusha,0,0,0,0,0,0,0,0,0,0
,,Hizb,0,0,0,0,0,0,0,0,0,0
,,Smalltank,0,0,0,0,0,0,0,0,0,0
,,Scud,0,0,0,0,0,0,0,0,0,0
,,Bigtank,0,0,0,0,0,0,0,0,0,0
,,Number,33,0,33,0,0,0,0,0,0,0
,4,Hoothi,30,1.5,30,1.5,30,1.5,0,0,0,0
,,Soldier,50,1.5,50,1.5,50,1.5,0,0,0,0
,,Abulfadl,75,1.5,75,1.5,100,1.5,0,0,0,0
,,Jeep,100,1.7,100,1.7,0,0,0,0,0,0
,,Revolutionary,0,0,0,0,0,0,0,0,0,0
,,Katyusha,0,0,0,0,0,0,0,0,0,0
,,Hizb,0,0,0,0,0,0,0,0,0,0
,,Smalltank,0,0,0,0,0,0,0,0,0,0
,,Scud,0,0,0,0,0,0,0,0,0,0
,,Bigtank,0,0,0,0,0,0,0,0,0,0
,,Number,35,0,35,0,32,0,0,0,0,0
,5,Hoothi,15,1.3,15,1.3,15,1.3,0,0,0,0
,,Soldier,40,1.3,40,1.3,40,1.3,0,0,0,0
,,Abulfadl,70,1.3,70,1.3,70,1.3,0,0,0,0
,,Jeep,100,1.5,100,1.5,100,1.5,0,0,0,0
,,Revolutionary,0,0,0,0,0,0,0,0,0,0
,,Katyusha,0,0,0,0,0,0,0,0,0,0
,,Hizb,0,0,0,0,0,0,0,0,0,0
,,Smalltank,0,0,0,0,0,0,0,0,0,0
,,Scud,0,0,0,0,0,0,0,0,0,0
,,Bigtank,0,0,0,0,0,0,0,0,0,0
,,Number,35,0,35,0,32,0,0,0,0,0
,6,Hoothi,10,1.1,10,1.1,15,1.1,0,0,0,0
,,Soldier,30,1.1,30,1.1,30,1.1,0,0,0,0
,,Abulfadl,60,1.1,60,1.1,75,1.1,0,0,0,0
,,Jeep,100,1.3,100,1.3,100,1.3,0,0,0,0
,,Revolutionary,0,0,0,0,0,0,0,0,0,0
,,Katyusha,0,0,0,0,0,0,0,0,0,0
,,Hizb,0,0,0,0,0,0,0,0,0,0
,,Smalltank,0,0,0,0,0,0,0,0,0,0
,,Scud,0,0,0,0,0,0,0,0,0,0
,,Bigtank,0,0,0,0,0,0,0,0,0,0
,,Number,25,0,25,0,25,0,0,0,0,0
,7,Hoothi,5,0.9,5,0.9,15,1,0,0,0,0
,,Soldier,25,0.9,25,0.9,40,1,0,0,0,0
,,Abulfadl,55,0.9,55,0.9,70,1,0,0,0,0
,,Jeep,100,1.2,100,1.2,100,1.2,0,0,0,0
,,Revolutionary,0,0,0,0,0,0,0,0,0,0
,,Katyusha,0,0,0,0,0,0,0,0,0,0
,,Hizb,0,0,0,0,0,0,0,0,0,0
,,Smalltank,0,0,0,0,0,0,0,0,0,0
,,Scud,0,0,0,0,0,0,0,0,0,0
,,Bigtank,0,0,0,0,0,0,0,0,0,0
,,Number,25,0,25,0,25,0,0,0,0,0
,8,Hoothi,0,0,0,0,10,0.9,0,0,0,0
,,Soldier,20,0.8,20,0.8,20,0.9,0,0,0,0
,,Abulfadl,50,0.8,50,0.8,60,0.9,0,0,0,0
,,Jeep,100,1.1,100,1.1,100,1.2,0,0,0,0
,,Revolutionary,0,0,0,0,0,0,0,0,0,0
,,Katyusha,0,0,0,0,0,0,0,0,0,0
,,Hizb,0,0,0,0,0,0,0,0,0,0
,,Smalltank,0,0,0,0,0,0,0,0,0,0
,,Scud,0,0,0,0,0,0,0,0,0,0
,,Bigtank,0,0,0,0,0,0,0,0,0,0
,,Number,25,0,25,0,20,0,0,0,0,0
,9,Hoothi,0,0,0,0,5,0.7,0,0,0,0
,,Soldier,10,0.6,10,0.6,20,0.7,0,0,0,0
,,Abulfadl,40,0.6,40,0.6,50,0.7,0,0,0,0
,,Jeep,100,1,100,1,100,1.1,0,0,0,0
,,Revolutionary,0,0,0,0,0,0,0,0,0,0
,,Katyusha,0,0,0,0,0,0,0,0,0,0
,,Hizb,0,0,0,0,0,0,0,0,0,0
,,Smalltank,0,0,0,0,0,0,0,0,0,0
,,Scud,0,0,0,0,0,0,0,0,0,0
,,Bigtank,0,0,0,0,0,0,0,0,0,0
,,Number,40,0,40,0,40,0,0,0,0,0
,10,Hoothi,0,0,0,0,0,0,0,0,0,0
,,Soldier,5,0.2,5,0.2,10,0.2,0,0,0,0
,,Abulfadl,10,0.2,10,0.2,30,0.2,0,0,0,0
,,Jeep,100,0.9,100,0.9,100,0.9,0,0,0,0
,,Revolutionary,0,0,0,0,0,0,0,0,0,0
,,Katyusha,0,0,0,0,0,0,0,0,0,0
,,Hizb,0,0,0,0,0,0,0,0,0,0
,,Smalltank,0,0,0,0,0,0,0,0,0,0
,,Scud,0,0,0,0,0,0,0,0,0,0
,,Bigtank,0,0,0,0,0,0,0,0,0,0
,,Number,40,0,40,0,40,0,0,0,0,0
5,1,Hoothi,40,1.5,0,0,0,0,0,0,0,0
,,Soldier,60,1.5,0,0,0,0,0,0,0,0
,,Abulfadl,90,1.5,0,0,0,0,0,0,0,0
,,Jeep,100,1.5,0,0,0,0,0,0,0,0
,,Revolutionary,0,0,0,0,0,0,0,0,0,0
,,Katyusha,0,0,0,0,0,0,0,0,0,0
,,Hizb,0,0,0,0,0,0,0,0,0,0
,,Smalltank,0,0,0,0,0,0,0,0,0,0
,,Scud,0,0,0,0,0,0,0,0,0,0
,,Bigtank,0,0,0,0,0,0,0,0,0,0
,,Number,45,0,0,0,0,0,0,0,0,0
,2,Hoothi,20,1.4,30,1.4,0,0,0,0,0,0
,,Soldier,40,1.4,60,1.4,0,0,0,0,0,0
,,Abulfadl,60,1.4,80,1.4,0,0,0,0,0,0
,,Jeep,80,1.4,100,1.4,0,0,0,0,0,0
,,Revolutionary,100,1.4,0,0,0,0,0,0,0,0
,,Katyusha,0,0,0,0,0,0,0,0,0,0
,,Hizb,0,0,0,0,0,0,0,0,0,0
,,Smalltank,0,0,0,0,0,0,0,0,0,0
,,Scud,0,0,0,0,0,0,0,0,0,0
,,Bigtank,0,0,0,0,0,0,0,0,0,0
,,Number,50,0,50,0,0,0,0,0,0,0
,3,Hoothi,15,1.3,15,1.3,0,0,0,0,0,0
,,Soldier,30,1.3,30,1.3,0,0,0,0,0,0
,,Abulfadl,50,1.3,50,1.3,0,0,0,0,0,0
,,Jeep,70,1.3,70,1.3,0,0,0,0,0,0
,,Revolutionary,100,1.3,100,1.3,0,0,0,0,0,0
,,Katyusha,0,0,0,0,0,0,0,0,0,0
,,Hizb,0,0,0,0,0,0,0,0,0,0
,,Smalltank,0,0,0,0,0,0,0,0,0,0
,,Scud,0,0,0,0,0,0,0,0,0,0
,,Bigtank,0,0,0,0,0,0,0,0,0,0
,,Number,60,0,60,0,0,0,0,0,0,0
,4,Hoothi,10,1.1,10,1.1,10,1.1,0,0,0,0
,,Soldier,20,1.1,20,1.1,20,1.1,0,0,0,0
,,Abulfadl,45,1.1,45,1.1,45,1.1,0,0,0,0
,,Jeep,70,1.2,70,1.2,70,1.2,0,0,0,0
,,Revolutionary,100,1.2,100,1.2,100,1.2,0,0,0,0
,,Katyusha,0,0,0,0,0,0,0,0,0,0
,,Hizb,0,0,0,0,0,0,0,0,0,0
,,Smalltank,0,0,0,0,0,0,0,0,0,0
,,Scud,0,0,0,0,0,0,0,0,0,0
,,Bigtank,0,0,0,0,0,0,0,0,0,0
,,Number,50,0,50,0,50,0,0,0,0,0
,5,Hoothi,10,1,10,1,10,1,10,1,0,0
,,Soldier,20,1,20,1,20,1,20,1,0,0
,,Abulfadl,40,1,40,1,40,1,40,1,0,0
,,Jeep,65,1.2,65,1.2,65,1.2,65,1.2,0,0
,,Revolutionary,100,1.1,100,1.1,100,1.1,100,1.1,0,0
,,Katyusha,0,0,0,0,0,0,0,0,0,0
,,Hizb,0,0,0,0,0,0,0,0,0,0
,,Smalltank,0,0,0,0,0,0,0,0,0,0
,,Scud,0,0,0,0,0,0,0,0,0,0
,,Bigtank,0,0,0,0,0,0,0,0,0,0
,,Number,40,0,40,0,40,0,40,0,0,0
,6,Hoothi,10,0.9,10,0.9,10,0.9,10,0.9,0,0
,,Soldier,20,0.9,20,0.9,20,0.9,20,0.9,0,0
,,Abulfadl,30,0.9,30,0.9,30,0.9,30,0.9,0,0
,,Jeep,55,1.1,55,1.1,55,1.1,55,1.1,0,0
,,Revolutionary,100,1.1,100,1.1,100,1.1,100,1.1,0,0
,,Katyusha,0,0,0,0,0,0,0,0,0,0
,,Hizb,0,0,0,0,0,0,0,0,0,0
,,Smalltank,0,0,0,0,0,0,0,0,0,0
,,Scud,0,0,0,0,0,0,0,0,0,0
,,Bigtank,0,0,0,0,0,0,0,0,0,0
,,Number,40,0,40,0,40,0,40,0,0,0
,7,Hoothi,5,0.8,5,0.8,5,0.8,5,0.8,0,0
,,Soldier,15,0.8,15,0.8,15,0.8,15,0.8,0,0
,,Abulfadl,25,0.8,25,0.8,25,0.8,25,0.8,0,0
,,Jeep,45,1,45,1,45,1,45,1,0,0
,,Revolutionary,100,1,100,1,100,1,100,1,0,0
,,Katyusha,0,0,0,0,0,0,0,0,0,0
,,Hizb,0,0,0,0,0,0,0,0,0,0
,,Smalltank,0,0,0,0,0,0,0,0,0,0
,,Scud,0,0,0,0,0,0,0,0,0,0
,,Bigtank,0,0,0,0,0,0,0,0,0,0
,,Number,35,0,35,0,35,0,35,0,0,0
,8,Hoothi,0,0,0,0,0,0,0,0,0,0
,,Soldier,5,0.7,5,0.7,5,0.7,5,0.7,0,0
,,Abulfadl,15,0.7,15,0.7,15,0.7,15,0.7,0,0
,,Jeep,40,1,40,1,40,1,40,1,0,0
,,Revolutionary,100,1,100,1,100,1,100,1,0,0
,,Katyusha,0,0,0,0,0,0,0,0,0,0
,,Hizb,0,0,0,0,0,0,0,0,0,0
,,Smalltank,0,0,0,0,0,0,0,0,0,0
,,Scud,0,0,0,0,0,0,0,0,0,0
,,Bigtank,0,0,0,0,0,0,0,0,0,0
,,Number,30,0,30,0,30,0,30,0,0,0
,9,Hoothi,0,0,0,0,0,0,0,0,0,0
,,Soldier,0,0,0,0,0,0,0,0,0,0
,,Abulfadl,10,0.5,10,0.5,10,0.5,10,0.5,0,0
,,Jeep,30,0.9,30,0.9,30,0.9,30,0.9,0,0
,,Revolutionary,100,0.8,100,0.8,100,0.8,100,0.8,0,0
,,Katyusha,0,0,0,0,0,0,0,0,0,0
,,Hizb,0,0,0,0,0,0,0,0,0,0
,,Smalltank,0,0,0,0,0,0,0,0,0,0
,,Scud,0,0,0,0,0,0,0,0,0,0
,,Bigtank,0,0,0,0,0,0,0,0,0,0
,,Number,32,0,32,0,32,0,32,0,0,0
,10,Hoothi,0,0,0,0,0,0,0,0,0,0
,,Soldier,0,0,0,0,0,0,0,0,0,0
,,Abulfadl,5,0.4,5,0.4,5,0.4,5,0.4,0,0
,,Jeep,20,0.9,20,0.9,20,0.9,20,0.9,0,0
,,Revolutionary,100,0.7,100,0.7,100,0.7,100,0.7,0,0
,,Katyusha,0,0,0,0,0,0,0,0,0,0
,,Hizb,0,0,0,0,0,0,0,0,0,0
,,Smalltank,0,0,0,0,0,0,0,0,0,0
,,Scud,0,0,0,0,0,0,0,0,0,0
,,Bigtank,0,0,0,0,0,0,0,0,0,0
,,Number,40,0,40,0,40,0,40,0,0,0
6,1,Hoothi,50,1.5,0,0,0,0,0,0,0,0
,,Soldier,80,1.5,0,0,0,0,0,0,0,0
,,Abulfadl,90,1.5,0,0,0,0,0,0,0,0
,,Jeep,100,1.5,0,0,0,0,0,0,0,0
,,Revolutionary,0,0,0,0,0,0,0,0,0,0
,,Katyusha,0,0,0,0,0,0,0,0,0,0
,,Hizb,0,0,0,0,0,0,0,0,0,0
,,Smalltank,0,0,0,0,0,0,0,0,0,0
,,Scud,0,0,0,0,0,0,0,0,0,0
,,Bigtank,0,0,0,0,0,0,0,0,0,0
,,Number,45,0,0,0,0,0,0,0,0,0
,2,Hoothi,50,1.4,50,1.4,0,0,0,0,0,0
,,Soldier,80,1.4,80,1.4,0,0,0,0,0,0
,,Abulfadl,90,1.4,90,1.4,0,0,0,0,0,0
,,Jeep,100,1.4,100,1.4,0,0,0,0,0,0
,,Revolutionary,0,0,0,0,0,0,0,0,0,0
,,Katyusha,0,0,0,0,0,0,0,0,100,5
,,Hizb,0,0,0,0,0,0,0,0,0,0
,,Smalltank,0,0,0,0,0,0,0,0,0,0
,,Scud,0,0,0,0,0,0,0,0,0,0
,,Bigtank,0,0,0,0,0,0,0,0,0,0
,,Number,50,0,50,0,0,0,0,0,1,0
,3,Hoothi,40,1.2,40,1.2,0,0,0,0,0,0
,,Soldier,70,1.2,70,1.2,0,0,0,0,0,0
,,Abulfadl,80,1.2,80,1.2,0,0,0,0,0,0
,,Jeep,90,1.4,90,1.4,0,0,0,0,0,0
,,Revolutionary,100,1.4,100,1.4,0,0,0,0,0,0
,,Katyusha,0,0,0,0,0,0,0,0,100,7
,,Hizb,0,0,0,0,0,0,0,0,0,0
,,Smalltank,0,0,0,0,0,0,0,0,0,0
,,Scud,0,0,0,0,0,0,0,0,0,0
,,Bigtank,0,0,0,0,0,0,0,0,0,0
,,Number,50,0,50,0,0,0,0,0,8,0
,4,Hoothi,30,1.1,30,1.1,0,0,0,0,0,0
,,Soldier,60,1.1,60,1.1,0,0,0,0,0,0
,,Abulfadl,75,1.1,75,1.1,0,0,0,0,0,0
,,Jeep,85,1.3,85,1.3,0,0,0,0,0,0
,,Revolutionary,100,1.3,100,1.3,0,0,0,0,0,0
,,Katyusha,0,0,0,0,0,0,0,0,100,5.5
,,Hizb,0,0,0,0,0,0,0,0,0,0
,,Smalltank,0,0,0,0,0,0,0,0,0,0
,,Scud,0,0,0,0,0,0,0,0,0,0
,,Bigtank,0,0,0,0,0,0,0,0,0,0
,,Number,60,0,60,0,0,0,0,0,11,0
,5,Hoothi,20,0.9,20,0.9,0,0,0,0,0,0
,,Soldier,55,0.9,55,0.9,0,0,0,0,0,0
,,Abulfadl,70,0.9,70,0.9,0,0,0,0,0,0
,,Jeep,80,1.2,80,1.2,0,0,0,0,0,0
,,Revolutionary,100,1.2,100,1.2,0,0,0,0,0,0
,,Katyusha,0,0,0,0,0,0,0,0,100,4
,,Hizb,0,0,0,0,0,0,0,0,0,0
,,Smalltank,0,0,0,0,0,0,0,0,0,0
,,Scud,0,0,0,0,0,0,0,0,0,0
,,Bigtank,0,0,0,0,0,0,0,0,0,0
,,Number,65,0,65,0,0,0,0,0,15,0
,6,Hoothi,10,0.8,10,0.8,0,0,0,0,0,0
,,Soldier,30,0.8,30,0.8,0,0,0,0,0,0
,,Abulfadl,50,0.8,50,0.8,0,0,0,0,0,0
,,Jeep,75,1.1,75,1.1,0,0,0,0,0,0
,,Revolutionary,100,1.1,100,1.1,0,0,0,0,0,0
,,Katyusha,0,0,0,0,0,0,0,0,100,3
,,Hizb,0,0,0,0,0,0,0,0,0,0
,,Smalltank,0,0,0,0,0,0,0,0,0,0
,,Scud,0,0,0,0,0,0,0,0,0,0
,,Bigtank,0,0,0,0,0,0,0,0,0,0
,,Number,65,0,65,0,0,0,0,0,18,0
,7,Hoothi,5,0.7,5,0.7,0,0,0,0,0,0
,,Soldier,25,0.7,25,0.7,0,0,0,0,0,0
,,Abulfadl,45,0.7,45,0.7,0,0,0,0,0,0
,,Jeep,75,1,75,1,0,0,0,0,0,0
,,Revolutionary,100,1,100,1,0,0,0,0,0,0
,,Katyusha,0,0,0,0,0,0,0,0,100,2.5
,,Hizb,0,0,0,0,0,0,0,0,0,0
,,Smalltank,0,0,0,0,0,0,0,0,0,0
,,Scud,0,0,0,0,0,0,0,0,0,0
,,Bigtank,0,0,0,0,0,0,0,0,0,0
,,Number,65,0,65,0,0,0,0,0,21,0
,8,Hoothi,0,0,0,0,0,0,0,0,0,0
,,Soldier,15,0.6,15,0.6,0,0,0,0,0,0
,,Abulfadl,40,0.6,40,0.6,0,0,0,0,0,0
,,Jeep,70,1,70,1,0,0,0,0,0,0
,,Revolutionary,100,1,100,1,0,0,0,0,0,0
,,Katyusha,0,0,0,0,0,0,0,0,100,1.9
,,Hizb,0,0,0,0,0,0,0,0,0,0
,,Smalltank,0,0,0,0,0,0,0,0,0,0
,,Scud,0,0,0,0,0,0,0,0,0,0
,,Bigtank,0,0,0,0,0,0,0,0,0,0
,,Number,65,0,65,0,0,0,0,0,25,0
,9,Hoothi,0,0,0,0,0,0,0,0,0,0
,,Soldier,5,0.5,5,0.5,0,0,0,0,0,0
,,Abulfadl,35,0.5,35,0.5,0,0,0,0,0,0
,,Jeep,65,0.9,65,0.9,0,0,0,0,0,0
,,Revolutionary,100,0.8,100,0.8,0,0,0,0,0,0
,,Katyusha,0,0,0,0,0,0,0,0,100,1.6
,,Hizb,0,0,0,0,0,0,0,0,0,0
,,Smalltank,0,0,0,0,0,0,0,0,0,0
,,Scud,0,0,0,0,0,0,0,0,0,0
,,Bigtank,0,0,0,0,0,0,0,0,0,0
,,Number,65,0,65,0,0,0,0,0,28,0
,10,Hoothi,0,0,0,0,0,0,0,0,0,0
,,Soldier,0,0,0,0,0,0,0,0,0,0
,,Abulfadl,10,0.3,10,0.3,0,0,0,0,0,0
,,Jeep,55,0.9,55,0.9,0,0,0,0,0,0
,,Revolutionary,100,0.6,100,0.6,0,0,0,0,0,0
,,Katyusha,0,0,0,0,0,0,0,0,100,1.3
,,Hizb,0,0,0,0,0,0,0,0,0,0
,,Smalltank,0,0,0,0,0,0,0,0,0,0
,,Scud,0,0,0,0,0,0,0,0,0,0
,,Bigtank,0,0,0,0,0,0,0,0,0,0
,,Number,65,0,65,0,0,0,0,0,30,0
7,1,Hoothi,40,1.5,0,0,0,0,0,0,0,0
,,Soldier,80,1.5,0,0,0,0,0,0,0,0
,,Abulfadl,90,1.5,0,0,0,0,0,0,0,0
,,Jeep,100,1.5,0,0,0,0,0,0,0,0
,,Revolutionary,0,0,0,0,0,0,0,0,0,0
,,Katyusha,0,0,0,0,0,0,0,0,0,0
,,Hizb,0,0,0,0,0,0,0,0,0,0
,,Smalltank,0,0,0,0,0,0,0,0,0,0
,,Scud,0,0,0,0,0,0,0,0,0,0
,,Bigtank,0,0,0,0,0,0,0,0,0,0
,,Number,45,0,0,0,0,0,0,0,0,0
,2,Hoothi,35,1.5,35,1.5,0,0,0,0,0,0
,,Soldier,70,1.5,70,1.5,0,0,0,0,0,0
,,Abulfadl,80,1.5,80,1.5,0,0,0,0,0,0
,,Jeep,90,1.5,90,1.5,0,0,0,0,0,0
,,Revolutionary,100,1.5,100,1.5,0,0,0,0,0,0
,,Katyusha,0,0,0,0,0,0,0,0,100,12
,,Hizb,0,0,0,0,0,0,0,0,0,0
,,Smalltank,0,0,0,0,0,0,0,0,0,0
,,Scud,0,0,0,0,0,0,0,0,0,0
,,Bigtank,0,0,0,0,0,0,0,0,0,0
,,Number,48,0,48,0,0,0,0,0,5,0
,3,Hoothi,30,1.4,30,1.4,0,0,0,0,0,0
,,Soldier,60,1.4,60,1.4,0,0,0,0,0,0
,,Abulfadl,70,1.4,70,1.4,0,0,0,0,0,0
,,Jeep,80,1.5,80,1.5,0,0,0,0,0,0
,,Revolutionary,90,1.5,90,1.5,0,0,0,0,0,0
,,Katyusha,0,0,0,0,0,0,0,0,100,7.5
,,Hizb,100,1.6,100,1.6,0,0,0,0,0,0
,,Smalltank,0,0,0,0,0,0,0,0,0,0
,,Scud,0,0,0,0,0,0,0,0,0,0
,,Bigtank,0,0,0,0,0,0,0,0,0,0
,,Number,50,0,50,0,0,0,0,0,8,0
,4,Hoothi,20,1.4,20,1.4,20,2.8,0,0,0,0
,,Soldier,50,1.4,50,1.4,50,2.8,0,0,0,0
,,Abulfadl,65,1.4,65,1.4,65,2.8,0,0,0,0
,,Jeep,80,1.4,80,1.4,80,2.8,0,0,0,0
,,Revolutionary,90,1.4,90,1.4,90,2.8,0,0,0,0
,,Katyusha,0,0,0,0,0,0,0,0,100,5
,,Hizb,100,1.5,100,1.5,100,3,0,0,0,0
,,Smalltank,0,0,0,0,0,0,0,0,0,0
,,Scud,0,0,0,0,0,0,0,0,0,0
,,Bigtank,0,0,0,0,0,0,0,0,0,0
,,Number,50,0,50,0,25,0,0,0,12,0
,5,Hoothi,10,1.1,10,1.1,10,2.2,0,0,0,0
,,Soldier,45,1.1,45,1.1,45,2.2,0,0,0,0
,,Abulfadl,60,1.1,60,1.1,60,2.2,0,0,0,0
,,Jeep,75,1.2,75,1.2,75,2.4,0,0,0,0
,,Revolutionary,85,1.2,85,1.2,85,2.4,0,0,0,0
,,Katyusha,0,0,0,0,0,0,0,0,100,4
,,Hizb,100,1.3,100,1.3,100,2.6,0,0,0,0
,,Smalltank,0,0,0,0,0,0,0,0,0,0
,,Scud,0,0,0,0,0,0,0,0,0,0
,,Bigtank,0,0,0,0,0,0,0,0,0,0
,,Number,55,0,55,0,28,0,0,0,15,0
,6,Hoothi,5,1,5,1,5,2,0,0,0,0
,,Soldier,35,1,35,1,35,2,0,0,0,0
,,Abulfadl,50,1,50,1,50,2,0,0,0,0
,,Jeep,65,1.1,65,1.1,65,2.2,0,0,0,0
,,Revolutionary,80,1.1,80,1.1,80,2.2,0,0,0,0
,,Katyusha,0,0,0,0,0,0,0,0,100,3
,,Hizb,100,1.2,100,1.2,100,2.4,0,0,0,0
,,Smalltank,0,0,0,0,0,0,0,0,0,0
,,Scud,0,0,0,0,0,0,0,0,0,0
,,Bigtank,0,0,0,0,0,0,0,0,0,0
,,Number,60,0,60,0,30,0,0,0,18,0
,7,Hoothi,0,0,0,0,0,0,0,0,0,0
,,Soldier,25,0.8,25,0.8,25,1.6,0,0,0,0
,,Abulfadl,40,0.8,40,0.8,40,1.6,0,0,0,0
,,Jeep,55,1,55,1,55,2,0,0,0,0
,,Revolutionary,75,1,75,1,75,2,0,0,0,0
,,Katyusha,0,0,0,0,0,0,0,0,100,2
,,Hizb,100,1.1,100,1.1,100,2.2,0,0,0,0
,,Smalltank,0,0,0,0,0,0,0,0,0,0
,,Scud,0,0,0,0,0,0,0,0,0,0
,,Bigtank,0,0,0,0,0,0,0,0,0,0
,,Number,60,0,60,0,30,0,0,0,22,0
,8,Hoothi,0,0,0,0,0,0,0,0,0,0
,,Soldier,10,0.6,10,0.6,10,1.2,0,0,0,0
,,Abulfadl,30,0.6,30,0.6,30,1.2,0,0,0,0
,,Jeep,50,0.9,50,0.9,50,1.8,0,0,0,0
,,Revolutionary,70,0.9,70,0.9,70,1.8,0,0,0,0
,,Katyusha,0,0,0,0,0,0,0,0,100,1.9
,,Hizb,100,1,100,1,100,2,0,0,0,0
,,Smalltank,0,0,0,0,0,0,0,0,0,0
,,Scud,0,0,0,0,0,0,0,0,0,0
,,Bigtank,0,0,0,0,0,0,0,0,0,0
,,Number,65,0,65,0,33,0,0,0,25,0
,9,Hoothi,0,0,0,0,0,0,0,0,0,0
,,Soldier,0,0,0,0,0,0,0,0,0,0
,,Abulfadl,20,0.4,20,0.4,20,0.8,0,0,0,0
,,Jeep,40,0.9,40,0.9,40,1.8,0,0,0,0
,,Revolutionary,60,0.8,60,0.8,60,1.6,0,0,0,0
,,Katyusha,0,0,0,0,0,0,0,0,100,1.7
,,Hizb,100,0.9,100,0.9,100,1.8,0,0,0,0
,,Smalltank,0,0,0,0,0,0,0,0,0,0
,,Scud,0,0,0,0,0,0,0,0,0,0
,,Bigtank,0,0,0,0,0,0,0,0,0,0
,,Number,65,0,65,0,33,0,0,0,28,0
,10,Hoothi,0,0,0,0,0,0,0,0,0,0
,,Soldier,0,0,0,0,0,0,0,0,0,0
,,Abulfadl,10,0.3,10,0.3,10,0.6,0,0,0,0
,,Jeep,30,0.9,30,0.9,30,1.8,0,0,0,0
,,Revolutionary,50,0.6,50,0.6,50,1.2,0,0,0,0
,,Katyusha,0,0,0,0,0,0,0,0,100,1.4
,,Hizb,100,0.6,100,0.6,100,1.2,0,0,0,0
,,Smalltank,0,0,0,0,0,0,0,0,0,0
,,Scud,0,0,0,0,0,0,0,0,0,0
,,Bigtank,0,0,0,0,0,0,0,0,0,0
,,Number,70,0,70,0,35,0,0,0,30,0
8,1,Hoothi,40,1.6,40,1.6,0,0,0,0,0,0
,,Soldier,80,1.6,80,1.6,0,0,0,0,0,0
,,Abulfadl,100,1.6,100,1.6,0,0,0,0,0,0
,,Jeep,0,0,0,0,0,0,0,0,0,0
,,Revolutionary,0,0,0,0,0,0,0,0,0,0
,,Katyusha,0,0,0,0,0,0,0,0,100,29
,,Hizb,0,0,0,0,0,0,0,0,0,0
,,Smalltank,0,0,0,0,0,0,0,0,0,0
,,Scud,0,0,0,0,0,0,0,0,0,0
,,Bigtank,0,0,0,0,0,0,0,0,0,0
,,Number,55,0,55,0,0,0,0,0,3,0
,2,Hoothi,0,0,0,0,40,1.5,40,1.5,0,0
,,Soldier,0,0,0,0,60,1.5,60,1.5,0,0
,,Abulfadl,0,0,0,0,80,1.5,80,1.5,0,0
,,Jeep,0,0,0,0,90,1.5,90,1.5,0,0
,,Revolutionary,0,0,0,0,100,1.5,100,1.5,0,0
,,Katyusha,0,0,0,0,0,0,0,0,100,14
,,Hizb,0,0,0,0,0,0,0,0,0,0
,,Smalltank,0,0,0,0,0,0,0,0,0,0
,,Scud,0,0,0,0,0,0,0,0,0,0
,,Bigtank,0,0,0,0,0,0,0,0,0,0
,,Number,0,0,0,0,55,0,55,0,6,0
,3,Hoothi,30,1.4,30,1.4,30,1.4,0,0,0,0
,,Soldier,60,1.4,60,1.4,60,1.4,0,0,0,0
,,Abulfadl,70,1.5,70,1.5,70,1.5,0,0,0,0
,,Jeep,80,1.5,80,1.5,80,1.5,0,0,0,0
,,Revolutionary,90,1.4,90,1.4,90,1.4,0,0,0,0
,,Katyusha,0,0,0,0,0,0,0,0,100,8
,,Hizb,100,1.5,100,1.5,100,1.5,0,0,0,0
,,Smalltank,0,0,0,0,0,0,0,0,0,0
,,Scud,0,0,0,0,0,0,0,0,0,0
,,Bigtank,0,0,0,0,0,0,0,0,0,0
,,Number,55,0,55,0,55,0,0,0,10,0
,4,Hoothi,20,1.6,20,1.6,20,1.6,20,1.6,0,0
,,Soldier,50,1.6,50,1.6,50,1.6,50,1.6,0,0
,,Abulfadl,60,1.6,60,1.6,60,1.6,60,1.6,0,0
,,Jeep,70,1.7,70,1.7,70,1.7,70,1.7,0,0
,,Revolutionary,80,1.6,80,1.6,80,1.6,80,1.6,0,0
,,Katyusha,0,0,0,0,0,0,0,0,100,7
,,Hizb,90,1.7,90,1.7,90,1.7,90,1.7,0,0
,,Smalltank,100,2.2,100,2.2,100,2.2,100,2.2,0,0
,,Scud,0,0,0,0,0,0,0,0,0,0
,,Bigtank,0,0,0,0,0,0,0,0,0,0
,,Number,60,0,60,0,60,0,60,0,12,0
,5,Hoothi,10,1.5,10,1.5,10,1.5,10,1.5,0,0
,,Soldier,35,1.5,35,1.5,35,1.5,35,1.5,0,0
,,Abulfadl,55,1.5,55,1.5,55,1.5,55,1.5,0,0
,,Jeep,65,1.6,65,1.6,65,1.6,65,1.6,0,0
,,Revolutionary,75,1.5,75,1.5,75,1.5,75,1.5,0,0
,,Katyusha,0,0,0,0,0,0,0,0,100,5
,,Hizb,85,1.6,85,1.6,85,1.6,85,1.6,0,0
,,Smalltank,100,2,100,2,100,2,100,2,0,0
,,Scud,0,0,0,0,0,0,0,0,0,0
,,Bigtank,0,0,0,0,0,0,0,0,0,0
,,Number,55,0,55,0,55,0,55,0,15,0
,6,Hoothi,0,0,0,0,0,0,0,0,0,0
,,Soldier,5,1.3,5,1.3,5,1.3,5,1.3,0,0
,,Abulfadl,15,1.3,15,1.3,15,1.3,15,1.3,0,0
,,Jeep,35,1.4,35,1.4,35,1.4,35,1.4,0,0
,,Revolutionary,65,1.3,65,1.3,65,1.3,65,1.3,0,0
,,Katyusha,0,0,0,0,0,0,0,0,100,4.5
,,Hizb,70,1.4,70,1.4,70,1.4,70,1.4,0,0
,,Smalltank,100,1.8,100,1.8,100,1.8,100,1.8,0,0
,,Scud,0,0,0,0,0,0,0,0,0,0
,,Bigtank,0,0,0,0,0,0,0,0,0,0
,,Number,55,0,55,0,55,0,55,0,18,0
,7,Hoothi,0,0,0,0,0,0,0,0,0,0
,,Soldier,0,0,5,1.1,0,0,5,1.1,0,0
,,Abulfadl,10,1.1,10,1.1,10,1.1,10,1.1,0,0
,,Jeep,30,1.2,30,1.2,55,1.2,55,1.2,0,0
,,Revolutionary,60,1.1,60,1.1,60,1.1,60,1.1,0,0
,,Katyusha,0,0,0,0,0,0,0,0,100,3.5
,,Hizb,65,1.1,65,1.1,65,1.1,65,1.1,0,0
,,Smalltank,100,1.6,100,1.6,100,1.6,100,1.6,0,0
,,Scud,0,0,0,0,0,0,0,0,0,0
,,Bigtank,0,0,0,0,0,0,0,0,0,0
,,Number,55,0,55,0,55,0,55,0,20,0
,8,Hoothi,0,0,0,0,0,0,0,0,0,0
,,Soldier,0,0,0,0,0,0,0,0,0,0
,,Abulfadl,5,0.9,5,0.9,5,0.9,5,0.9,0,0
,,Jeep,25,1,25,1,25,1,25,1,0,0
,,Revolutionary,55,0.9,55,0.9,55,0.9,55,0.9,0,0
,,Katyusha,0,0,0,0,0,0,0,0,100,2.9
,,Hizb,60,0.9,60,0.9,60,0.9,60,0.9,0,0
,,Smalltank,100,1.5,100,1.5,100,1.5,100,1.5,0,0
,,Scud,0,0,0,0,0,0,0,0,0,0
,,Bigtank,0,0,0,0,0,0,0,0,0,0
,,Number,55,0,55,0,55,0,55,0,22,0
,9,Hoothi,0,0,0,0,0,0,0,0,0,0
,,Soldier,0,0,0,0,0,0,0,0,0,0
,,Abulfadl,0,0,0,0,0,0,0,0,0,0
,,Jeep,20,0.9,20,0.9,20,0.9,20,0.9,0,0
,,Revolutionary,50,0.7,50,0.7,50,0.7,50,0.7,0,0
,,Katyusha,0,0,0,0,0,0,0,0,100,2.2
,,Hizb,55,0.9,55,0.9,55,0.9,55,0.9,0,0
,,Smalltank,100,1.3,100,1.3,100,1.3,100,1.3,0,0
,,Scud,0,0,0,0,0,0,0,0,0,0
,,Bigtank,0,0,0,0,0,0,0,0,0,0
,,Number,55,0,55,0,55,0,55,0,25,0
,10,Hoothi,0,0,0,0,0,0,0,0,0,0
,,Soldier,0,0,0,0,0,0,0,0,0,0
,,Abulfadl,0,0,0,0,0,0,0,0,0,0
,,Jeep,10,0.9,10,0.9,10,0.9,10,0.9,0,0
,,Revolutionary,35,0.5,35,0.5,35,0.5,35,0.5,0,0
,,Katyusha,0,0,0,0,0,0,0,0,100,2.2
,,Hizb,45,0.5,45,0.5,45,0.5,45,0.5,0,0
,,Smalltank,100,1.1,100,1.1,100,1.1,100,1.1,0,0
,,Scud,0,0,0,0,0,0,0,0,0,0
,,Bigtank,0,0,0,0,0,0,0,0,0,0
,,Number,70,0,70,0,70,0,70,0,27,0
9,1,Hoothi,30,1.6,30,1.6,0,0,0,0,0,0
,,Soldier,60,1.6,60,1.6,0,0,0,0,0,0
,,Abulfadl,85,1.6,85,1.6,0,0,0,0,0,0
,,Jeep,100,1.6,100,1.6,0,0,0,0,0,0
,,Revolutionary,0,0,0,0,0,0,0,0,0,0
,,Katyusha,0,0,0,0,0,0,0,0,100,22
,,Hizb,0,0,0,0,0,0,0,0,0,0
,,Smalltank,0,0,0,0,0,0,0,0,0,0
,,Scud,0,0,0,0,0,0,0,0,0,0
,,Bigtank,0,0,0,0,0,0,0,0,0,0
,,Number,55,0,55,0,0,0,0,0,4,0
,2,Hoothi,25,1.5,0,0,25,1.5,0,0,0,0
,,Soldier,50,1.5,0,0,50,1.5,0,0,0,0
,,Abulfadl,70,1.5,0,0,70,1.5,0,0,0,0
,,Jeep,80,1.6,0,0,80,1.6,0,0,0,0
,,Revolutionary,90,1.5,0,0,90,1.5,0,0,0,0
,,Katyusha,0,0,0,0,0,0,0,0,100,10.4
,,Hizb,100,1.6,0,0,100,1.6,0,0,0,0
,,Smalltank,0,0,0,0,0,0,0,0,0,0
,,Scud,0,0,0,0,0,0,0,0,0,0
,,Bigtank,0,0,0,0,0,0,0,0,0,0
,,Number,55,0,0,0,55,0,0,0,8,0
,3,Hoothi,25,1.5,25,1.5,25,1.5,0,0,0,0
,,Soldier,50,1.5,50,1.5,50,1.5,0,0,0,0
,,Abulfadl,60,1.5,60,1.5,60,1.5,0,0,0,0
,,Jeep,70,1.6,70,1.6,70,1.6,0,0,0,0
,,Revolutionary,80,1.5,80,1.5,80,1.5,0,0,0,0
,,Katyusha,0,0,0,0,0,0,0,0,90,5.8
,,Hizb,90,1.6,90,1.6,90,1.6,0,0,0,0
,,Smalltank,100,2.2,100,2.2,100,2.2,0,0,0,0
,,Scud,0,0,0,0,0,0,0,0,100,5.8
,,Bigtank,0,0,0,0,0,0,0,0,0,0
,,Number,55,0,55,0,55,0,0,0,15,0
,4,Hoothi,20,1.4,20,1.4,20,1.4,0,0,0,0
,,Soldier,45,1.4,45,1.4,45,1.4,0,0,0,0
,,Abulfadl,65,1.4,65,1.4,65,1.4,0,0,0,0
,,Jeep,75,1.5,75,1.5,75,1.5,0,0,0,0
,,Revolutionary,85,1.4,85,1.4,85,1.4,0,0,0,0
,,Katyusha,0,0,0,0,0,0,0,0,80,4
,,Hizb,90,1.5,90,1.5,90,1.5,0,0,0,0
,,Smalltank,100,2,100,2,100,2,0,0,0,0
,,Scud,0,0,0,0,0,0,0,0,100,4
,,Bigtank,0,0,0,0,0,0,0,0,0,0
,,Number,50,0,50,0,50,0,0,0,18,0
,5,Hoothi,15,1.3,15,1.3,15,1.3,0,0,0,0
,,Soldier,40,1.3,40,1.3,40,1.3,0,0,0,0
,,Abulfadl,60,1.3,60,1.3,60,1.3,0,0,0,0
,,Jeep,70,1.4,70,1.4,70,1.4,0,0,0,0
,,Revolutionary,80,1.3,80,1.3,80,1.3,0,0,0,0
,,Katyusha,0,0,0,0,0,0,0,0,70,3.4
,,Hizb,85,1.4,85,1.4,85,1.4,0,0,0,0
,,Smalltank,100,1.8,100,1.8,100,1.8,0,0,0,0
,,Scud,0,0,0,0,0,0,0,0,100,3.4
,,Bigtank,0,0,0,0,0,0,0,0,0,0
,,Number,55,0,55,0,55,0,0,0,22,0
,6,Hoothi,10,1.1,10,1.1,10,1.1,0,0,0,0
,,Soldier,30,1.1,30,1.1,30,1.1,0,0,0,0
,,Abulfadl,50,1.1,50,1.1,50,1.1,0,0,0,0
,,Jeep,60,1.2,60,1.2,60,1.2,0,0,0,0
,,Revolutionary,70,1.1,70,1.1,70,1.1,0,0,0,0
,,Katyusha,0,0,0,0,0,0,0,0,60,2.9
,,Hizb,80,1.2,80,1.2,80,1.2,0,0,0,0
,,Smalltank,100,1.7,100,1.7,100,1.7,0,0,0,0
,,Scud,0,0,0,0,0,0,0,0,100,2.9
,,Bigtank,0,0,0,0,0,0,0,0,0,0
,,Number,60,0,60,0,60,0,0,0,25,0
,7,Hoothi,5,1,5,1,5,1,0,0,0,0
,,Soldier,25,1,25,1,25,1,0,0,0,0
,,Abulfadl,40,1,40,1,40,1,0,0,0,0
,,Jeep,50,1.2,50,1.2,50,1.2,0,0,0,0
,,Revolutionary,60,1,60,1,60,1,0,0,0,0
,,Katyusha,0,0,0,0,0,0,0,0,50,2.6
,,Hizb,65,1.2,65,1.2,65,1.2,0,0,0,0
,,Smalltank,100,1.5,100,1.5,100,1.5,0,0,0,0
,,Scud,0,0,0,0,0,0,0,0,100,2.6
,,Bigtank,0,0,0,0,0,0,0,0,0,0
,,Number,60,0,60,0,60,0,0,0,27,0
,8,Hoothi,0,0,0,0,0,0,0,0,0,0
,,Soldier,15,0.9,15,0.9,15,0.9,0,0,0,0
,,Abulfadl,30,0.9,30,0.9,30,0.9,0,0,0,0
,,Jeep,40,1,40,1,40,1,0,0,0,0
,,Revolutionary,55,0.9,55,0.9,55,0.9,0,0,0,0
,,Katyusha,0,0,0,0,0,0,0,0,40,2.1
,,Hizb,60,1,60,1,60,1,0,0,0,0
,,Smalltank,100,1.3,100,1.3,100,1.3,0,0,0,0
,,Scud,0,0,0,0,0,0,0,0,100,2.1
,,Bigtank,0,0,0,0,0,0,0,0,0,0
,,Number,60,0,60,0,60,0,0,0,30,0
,9,Hoothi,0,0,0,0,0,0,0,0,0,0
,,Soldier,0,0,0,0,0,0,0,0,0,0
,,Abulfadl,10,0.8,10,0.8,10,0.8,0,0,0,0
,,Jeep,20,0.9,20,0.9,20,0.9,0,0,0,0
,,Revolutionary,40,0.8,40,0.8,40,0.8,0,0,0,0
,,Katyusha,0,0,0,0,0,0,0,0,30,1.7
,,Hizb,50,0.9,50,0.9,50,0.9,0,0,0,0
,,Smalltank,100,1.2,100,1.2,100,1.2,0,0,0,0
,,Scud,0,0,0,0,0,0,0,0,100,1.7
,,Bigtank,0,0,0,0,0,0,0,0,0,0
,,Number,60,0,60,0,60,0,0,0,35,0
,10,Hoothi,0,0,0,0,0,0,0,0,0,0
,,Soldier,0,0,0,0,0,0,0,0,0,0
,,Abulfadl,0,0,0,0,0,0,0,0,0,0
,,Jeep,10,0.9,10,0.9,10,0.9,0,0,0,0
,,Revolutionary,25,0.7,25,0.7,25,0.7,0,0,0,0
,,Katyusha,0,0,0,0,0,0,0,0,20,1.5
,,Hizb,35,0.8,35,0.8,35,0.8,0,0,0,0
,,Smalltank,100,1,100,1,100,1,0,0,0,0
,,Scud,0,0,0,0,0,0,0,0,100,1.5
,,Bigtank,0,0,0,0,0,0,0,0,0,0
,,Number,80,0,80,0,80,0,0,0,48,0
10,1,Hoothi,30,1.6,30,1.6,0,0,0,0,0,0
,,Soldier,60,1.6,60,1.6,0,0,0,0,0,0
,,Abulfadl,80,1.6,80,1.6,0,0,0,0,0,0
,,Jeep,90,1.8,90,1.8,0,0,0,0,0,0
,,Revolutionary,100,1.6,100,1.6,0,0,0,0,0,0
,,Katyusha,0,0,0,0,0,0,0,0,100,13.5
,,Hizb,0,0,0,0,0,0,0,0,0,0
,,Smalltank,0,0,0,0,0,0,0,0,0,0
,,Scud,0,0,0,0,0,0,0,0,0,0
,,Bigtank,0,0,0,0,0,0,0,0,0,0
,,Number,50,0,50,0,0,0,0,0,6,0
,2,Hoothi,0,0,0,0,25,1.6,25,1.6,0,0
,,Soldier,0,0,0,0,40,1.6,40,1.6,0,0
,,Abulfadl,0,0,0,0,50,1.6,50,1.6,0,0
,,Jeep,0,0,0,0,70,1.8,70,1.8,0,0
,,Revolutionary,0,0,0,0,80,1.6,80,1.6,0,0
,,Katyusha,0,0,0,0,0,0,0,0,90,9.5
,,Hizb,0,0,0,0,90,1.8,90,1.8,0,0
,,Smalltank,0,0,0,0,100,2.4,100,2.4,0,0
,,Scud,0,0,0,0,0,0,0,0,100,9.5
,,Bigtank,0,0,0,0,0,0,0,0,0,0
,,Number,0,0,0,0,55,0,55,0,10,0
,3,Hoothi,25,1.5,25,1.5,25,1.5,0,0,0,0
,,Soldier,35,1.5,35,1.5,35,1.5,0,0,0,0
,,Abulfadl,60,1.5,60,1.5,60,1.5,0,0,0,0
,,Jeep,70,1.7,70,1.7,70,1.7,0,0,0,0
,,Revolutionary,80,1.5,80,1.5,80,1.5,0,0,0,0
,,Katyusha,0,0,0,0,0,0,0,0,80,6.4
,,Hizb,90,1.7,90,1.7,90,1.7,0,0,0,0
,,Smalltank,100,2.2,100,2.2,100,2.2,0,0,0,0
,,Scud,0,0,0,0,0,0,0,0,100,6.4
,,Bigtank,0,0,0,0,0,0,0,0,0,0
,,Number,60,0,60,0,60,0,0,0,15,0
,4,Hoothi,0,0,20,1.4,20,1.4,20,1.4,0,0
,,Soldier,0,0,30,1.4,30,1.4,30,1.4,0,0
,,Abulfadl,0,0,55,1.4,55,1.4,55,1.4,0,0
,,Jeep,0,0,65,1.6,65,1.6,65,1.6,0,0
,,Revolutionary,0,0,75,1.4,75,1.4,75,1.4,0,0
,,Katyusha,0,0,0,0,0,0,0,0,70,5.3
,,Hizb,0,0,80,1.6,80,1.6,80,1.6,0,0
,,Smalltank,0,0,95,2,95,2,95,2,0,0
,,Scud,0,0,0,0,0,0,0,0,100,5.3
,,Bigtank,0,0,100,3,100,3,100,3,0,0
,,Number,0,0,60,0,60,0,60,0,18,0
,5,Hoothi,10,1.2,10,1.2,10,1.2,10,1.2,0,0
,,Soldier,20,1.2,20,1.2,20,1.2,20,1.2,0,0
,,Abulfadl,45,1.2,45,1.2,45,1.2,45,1.2,0,0
,,Jeep,60,1.5,60,1.5,60,1.5,60,1.5,0,0
,,Revolutionary,70,1.2,70,1.2,70,1.2,70,1.2,0,0
,,Katyusha,0,0,0,0,0,0,0,0,60,4.1
,,Hizb,75,1.5,75,1.5,75,1.5,75,1.5,0,0
,,Smalltank,90,1.8,90,1.8,90,1.8,90,1.8,0,0
,,Scud,0,0,0,0,0,0,0,0,100,4.1
,,Bigtank,100,2.8,100,2.8,100,2.8,100,2.8,0,0
,,Number,60,0,60,0,60,0,60,0,22,0
,6,Hoothi,5,1.1,5,1.1,5,1.1,5,1.1,0,0
,,Soldier,12,1.1,12,1.1,12,1.1,12,1.1,0,0
,,Abulfadl,30,1.1,30,1.1,30,1.1,30,1.1,0,0
,,Jeep,50,1.4,50,1.4,50,1.4,50,1.4,0,0
,,Revolutionary,60,1.1,60,1.1,60,1.1,60,1.1,0,0
,,Katyusha,0,0,0,0,0,0,0,0,50,3.1
,,Hizb,67,1.4,67,1.4,67,1.4,67,1.4,0,0
,,Smalltank,87,1.6,87,1.6,87,1.6,87,1.6,0,0
,,Scud,0,0,0,0,0,0,0,0,100,3.1
,,Bigtank,100,2.6,100,2.6,100,2.6,100,2.6,0,0
,,Number,60,0,60,0,60,0,60,0,28,0
,7,Hoothi,0,0,0,0,0,0,0,0,0,0
,,Soldier,6,1,6,1,6,1,6,1,0,0
,,Abulfadl,20,1,20,1,20,1,20,1,0,0
,,Jeep,42,1.3,42,1.3,42,1.3,42,1.3,0,0
,,Revolutionary,54,1,54,1,54,1,54,1,0,0
,,Katyusha,0,0,0,0,0,0,0,0,40,2.2
,,Hizb,60,1.3,60,1.3,60,1.3,60,1.3,0,0
,,Smalltank,83,1.4,83,1.4,83,1.4,83,1.4,0,0
,,Scud,0,0,0,0,0,0,0,0,100,2.2
,,Bigtank,100,2.4,100,2.4,100,2.4,100,2.4,0,0
,,Number,65,0,65,0,65,0,65,0,40,0
,8,Hoothi,0,0,0,0,0,0,0,0,0,0
,,Soldier,0,0,0,0,0,0,0,0,0,0
,,Abulfadl,8,0.9,8,0.9,8,0.9,8,0.9,0,0
,,Jeep,30,1.2,30,1.2,30,1.2,30,1.2,0,0
,,Revolutionary,38,0.9,38,0.9,38,0.9,38,0.9,0,0
,,Katyusha,0,0,0,0,0,0,0,0,30,2
,,Hizb,41,1.2,41,1.2,41,1.2,41,1.2,0,0
,,Smalltank,75,1.2,75,1.2,75,1.2,75,1.2,0,0
,,Scud,0,0,0,0,0,0,0,0,100,2
,,Bigtank,100,2.2,100,2.2,100,2.2,100,2.2,0,0
,,Number,65,0,65,0,65,0,65,0,45,0
,9,Hoothi,0,0,0,0,0,0,0,0,0,0
,,Soldier,0,0,0,0,0,0,0,0,0,0
,,Abulfadl,0,0,5,0.8,5,0.8,5,0.8,0,0
,,Jeep,15,1,15,1,15,1,15,1,0,0
,,Revolutionary,30,0.8,30,0.8,30,0.8,30,0.8,0,0
,,Katyusha,0,0,0,0,0,0,0,0,20,1.6
,,Hizb,33,1,33,1,33,1,33,1,0,0
,,Smalltank,65,1.1,65,1.1,65,1.1,65,1.1,0,0
,,Scud,0,0,0,0,0,0,0,0,100,1.6
,,Bigtank,100,2,100,2,100,2,100,2,0,0
,,Number,70,0,70,0,70,0,70,0,56,0
,10,Hoothi,0,0,0,0,0,0,0,0,0,0
,,Soldier,0,0,0,0,0,0,0,0,0,0
,,Abulfadl,0,0,0,0,0,0,0,0,0,0
,,Jeep,10,0.9,10,0.9,10,0.9,10,0.9,0,0
,,Revolutionary,20,0.7,20,0.7,20,0.7,20,0.7,0,0
,,Katyusha,0,0,0,0,0,0,0,0,10,1
,,Hizb,23,0.9,23,0.9,23,0.9,23,0.9,0,0
,,Smalltank,55,0.9,55,0.9,55,0.9,55,0.9,0,0
,,Scud,0,0,0,0,0,0,0,0,100,1
,,Bigtank,100,1.8,100,1.8,100,1.8,100,1.8,0,0
,,Number,100,0,100,0,100,0,100,0,120,0
